<?xml version="1.0" encoding="UTF-8"?>
<project-private xmlns="http://www.netbeans.org/ns/project-private/1">
    <editor-bookmarks xmlns="http://www.netbeans.org/ns/editor-bookmarks/2" lastBookmarkId="0"/>
    <open-files xmlns="http://www.netbeans.org/ns/projectui-open-files/2">
        <group>
            <file>file:/C:/Users/lab_services_student/Desktop/ST10311395_PROG6112_Q1/test/st10311395_prog6112_q1/IMovieTicketsTest.java</file>
            <file>file:/C:/Users/lab_services_student/Desktop/ST10311395_PROG6112_Q1/src/st10311395_prog6112_q1/ST10311395_PROG6112_Q1.java</file>
            <file>file:/C:/Users/lab_services_student/Desktop/ST10311395_PROG6112_Q1/src/st10311395_prog6112_q1/IMovieTickets.java</file>
        </group>
    </open-files>
</project-private>
